{
  "gpt-oss:20b": {
    "binaria": {
      "n": 139,
      "tp": 65,
      "fp": 24,
      "fn": 18,
      "tn": 32,
      "precisao": 0.7303370786516854,
      "recall": 0.7831325301204819,
      "f1": 0.7558139534883721,
      "acuracia": 0.697841726618705,
      "matriz": [
        [
          32,
          24
        ],
        [
          18,
          65
        ]
      ],
      "labels": [
        "nao_relevante",
        "relevante"
      ]
    },
    "n_erros": 8
  },
  "qwen2.5:7b": {
    "binaria": {
      "n": 180,
      "tp": 64,
      "fp": 33,
      "fn": 39,
      "tn": 44,
      "precisao": 0.6597938144329897,
      "recall": 0.6213592233009708,
      "f1": 0.6399999999999999,
      "acuracia": 0.6,
      "matriz": [
        [
          44,
          33
        ],
        [
          39,
          64
        ]
      ],
      "labels": [
        "nao_relevante",
        "relevante"
      ]
    },
    "n_erros": 9
  },
  "qwen3:8b": {
    "binaria": {
      "n": 188,
      "tp": 90,
      "fp": 67,
      "fn": 13,
      "tn": 18,
      "precisao": 0.5732484076433121,
      "recall": 0.8737864077669902,
      "f1": 0.6923076923076924,
      "acuracia": 0.574468085106383,
      "matriz": [
        [
          18,
          67
        ],
        [
          13,
          90
        ]
      ],
      "labels": [
        "nao_relevante",
        "relevante"
      ]
    },
    "n_erros": 3
  },
  "gemma4:e4b": {
    "binaria": {
      "n": 186,
      "tp": 33,
      "fp": 14,
      "fn": 73,
      "tn": 66,
      "precisao": 0.7021276595744681,
      "recall": 0.3113207547169811,
      "f1": 0.4313725490196078,
      "acuracia": 0.532258064516129,
      "matriz": [
        [
          66,
          14
        ],
        [
          73,
          33
        ]
      ],
      "labels": [
        "nao_relevante",
        "relevante"
      ]
    },
    "n_erros": 0
  }
}