modelo,job_id,status_job,n_referencia,n_avaliado,cobertura,taxa_erro,precisao,recall,f1,acuracia
gpt-oss:20b,8,classificando,202,139,0.6881188118811881,0.05442176870748299,0.7303370786516854,0.7831325301204819,0.7558139534883721,0.697841726618705
qwen2.5:7b,7,concluido,202,180,0.8910891089108911,0.04736842105263158,0.6597938144329897,0.6213592233009708,0.6399999999999999,0.6
qwen3:8b,6,concluido,202,188,0.9306930693069307,0.015625,0.5732484076433121,0.8737864077669902,0.6923076923076924,0.574468085106383
gemma4:e4b,3,concluido,202,186,0.9207920792079208,0.0,0.7021276595744681,0.3113207547169811,0.4313725490196078,0.532258064516129
