{
  "gerado_em": "2026-06-17T11:34:28+00:00",
  "modo_gabarito": "humano",
  "gabarito": {
    "fonte": "validacao humana (tabela Review)",
    "n_docs": 202,
    "composicao_decisoes": {
      "super_relevante": 20,
      "aprovado": 52,
      "rejeitado": 89,
      "ressalva": 41
    },
    "composicao_binaria": {
      "relevante": 113,
      "nao_relevante": 89
    }
  },
  "referencia_auxiliar": {
    "descricao": "concordancia binaria do modelo-assistente com o humano",
    "n": 202,
    "concordancia": 0.7475247524752475,
    "job_id": 1
  },
  "classes_multi": [
    "super_relevante",
    "relevante",
    "duvidoso",
    "irrelevante"
  ],
  "modelos": [
    {
      "modelo": "gpt-oss:20b",
      "job_id": 8,
      "status_job": "concluido",
      "n_referencia": 202,
      "n_avaliado": 168,
      "cobertura": 0.8316831683168316,
      "taxa_erro": 0.056179775280898875,
      "precisao": 0.7087378640776699,
      "recall": 0.7604166666666666,
      "f1": 0.7336683417085427,
      "acuracia": 0.6845238095238095,
      "tempo_mediano_doc_seg": 41.335029,
      "tempo_total_stage_seg": 15797
    },
    {
      "modelo": "qwen2.5:7b",
      "job_id": 7,
      "status_job": "concluido",
      "n_referencia": 202,
      "n_avaliado": 180,
      "cobertura": 0.8910891089108911,
      "taxa_erro": 0.04736842105263158,
      "precisao": 0.6597938144329897,
      "recall": 0.6213592233009708,
      "f1": 0.6399999999999999,
      "acuracia": 0.6,
      "tempo_mediano_doc_seg": 28.741979,
      "tempo_total_stage_seg": 9513
    },
    {
      "modelo": "qwen3:8b",
      "job_id": 6,
      "status_job": "concluido",
      "n_referencia": 202,
      "n_avaliado": 188,
      "cobertura": 0.9306930693069307,
      "taxa_erro": 0.015625,
      "precisao": 0.5732484076433121,
      "recall": 0.8737864077669902,
      "f1": 0.6923076923076924,
      "acuracia": 0.574468085106383,
      "tempo_mediano_doc_seg": 58.924144,
      "tempo_total_stage_seg": 14125
    },
    {
      "modelo": "gemma4:e4b",
      "job_id": 3,
      "status_job": "concluido",
      "n_referencia": 202,
      "n_avaliado": 186,
      "cobertura": 0.9207920792079208,
      "taxa_erro": 0.0,
      "precisao": 0.7021276595744681,
      "recall": 0.3113207547169811,
      "f1": 0.4313725490196078,
      "acuracia": 0.532258064516129,
      "tempo_mediano_doc_seg": 28.7252215,
      "tempo_total_stage_seg": 7763
    }
  ],
  "distribuicao": [
    {
      "modelo": "gpt-oss:20b",
      "super_relevante": 41,
      "relevante": 62,
      "duvidoso": 5,
      "irrelevante": 60,
      "erro": 10
    },
    {
      "modelo": "qwen2.5:7b",
      "super_relevante": 17,
      "relevante": 81,
      "duvidoso": 5,
      "irrelevante": 78,
      "erro": 9
    },
    {
      "modelo": "qwen3:8b",
      "super_relevante": 95,
      "relevante": 63,
      "duvidoso": 8,
      "irrelevante": 23,
      "erro": 3
    },
    {
      "modelo": "gemma4:e4b",
      "super_relevante": 11,
      "relevante": 36,
      "duvidoso": 100,
      "irrelevante": 40,
      "erro": 0
    }
  ],
  "matrizes": {
    "gpt-oss:20b": {
      "binaria": {
        "n": 168,
        "tp": 73,
        "fp": 30,
        "fn": 23,
        "tn": 42,
        "precisao": 0.7087378640776699,
        "recall": 0.7604166666666666,
        "f1": 0.7336683417085427,
        "acuracia": 0.6845238095238095,
        "matriz": [
          [
            42,
            30
          ],
          [
            23,
            73
          ]
        ],
        "labels": [
          "nao_relevante",
          "relevante"
        ]
      },
      "n_erros": 10
    },
    "qwen2.5:7b": {
      "binaria": {
        "n": 180,
        "tp": 64,
        "fp": 33,
        "fn": 39,
        "tn": 44,
        "precisao": 0.6597938144329897,
        "recall": 0.6213592233009708,
        "f1": 0.6399999999999999,
        "acuracia": 0.6,
        "matriz": [
          [
            44,
            33
          ],
          [
            39,
            64
          ]
        ],
        "labels": [
          "nao_relevante",
          "relevante"
        ]
      },
      "n_erros": 9
    },
    "qwen3:8b": {
      "binaria": {
        "n": 188,
        "tp": 90,
        "fp": 67,
        "fn": 13,
        "tn": 18,
        "precisao": 0.5732484076433121,
        "recall": 0.8737864077669902,
        "f1": 0.6923076923076924,
        "acuracia": 0.574468085106383,
        "matriz": [
          [
            18,
            67
          ],
          [
            13,
            90
          ]
        ],
        "labels": [
          "nao_relevante",
          "relevante"
        ]
      },
      "n_erros": 3
    },
    "gemma4:e4b": {
      "binaria": {
        "n": 186,
        "tp": 33,
        "fp": 14,
        "fn": 73,
        "tn": 66,
        "precisao": 0.7021276595744681,
        "recall": 0.3113207547169811,
        "f1": 0.4313725490196078,
        "acuracia": 0.532258064516129,
        "matriz": [
          [
            66,
            14
          ],
          [
            73,
            33
          ]
        ],
        "labels": [
          "nao_relevante",
          "relevante"
        ]
      },
      "n_erros": 0
    }
  }
}